target,rank,model_type,variant,cv_rmse,cv_rmse_run_std,cv_rmse_fold_std,cv_mae,cv_mae_run_std,cv_rmse_pct,cv_mae_pct,val_rmse,val_mae,n_runs
HOME_GOALS,1,lstm_mlp_torch,cform_diffmean_diffsum_form_mean_nplayers_stage_sum,1.2824695,0.0003315,0.0565849999999999,1.0080815,0.0039784999999999,77.88,61.215,1.3120585,1.024448,2
HOME_GOALS,2,mlp_torch,cform_diffmean_diffsum_form_mean_nplayers_stage_sum,1.286869,0.00095,0.0578594999999999,1.0088430000000002,0.0016239999999999,78.28,61.370000000000005,1.315262,1.022879,2
HOME_GOALS,3,lstm_mlp_torch,cform_diffmean_diffsum_form_mean_nplayers_odds_raw_stage_sum,1.29207,0.0,0.057396,1.008178,0.0,78.46,61.22,1.310466,1.028195,1
HOME_GOALS,4,mlp_torch,cform_diffmean_diffsum_form_mean_nplayers_odds_stage_sum,1.2929024999999998,0.0006184999999999,0.061038,1.0097,0.002202,78.64500000000001,61.415,1.311843,1.02101,2
HOME_GOALS,5,lstm_mlp_torch,cform_diffmean_diffsum_form_mean_nplayers_raw_stage_sum,1.2939835,0.0006034999999999,0.064737,1.0145875,0.0004295,78.575,61.61,1.300858,1.026914,2
HOME_GOALS,6,mlp_multioutput_torch,cform_diffmean_diffsum_form_mean_nplayers_raw_stage_sum,1.2946235,0.0064015,0.0648205,1.0136235,0.0053365,78.75,61.655,1.30277,1.03012,2
HOME_GOALS,7,lstm_mlp_multioutput_torch,cform_diffmean_diffsum_form_mean_nplayers_stage_sum,1.295499,0.0006519999999999,0.0538005,1.011781,0.003646,78.66999999999999,61.44,1.3254235,1.0381015,2
HOME_GOALS,8,mlp_multioutput_torch,cform_diffmean_diffsum_form_mean_nplayers_stage_sum,1.2969594999999998,0.0022514999999999,0.058294,1.014496,0.00692,78.89500000000001,61.71,1.3190405,1.0249145,2
HOME_GOALS,9,mlp_multioutput_torch,cform_diffmean_diffsum_form_mean_nplayers_odds_stage_sum,1.3004675,0.0052085,0.059497,1.013152,0.0056119999999999,79.105,61.63,1.3120889999999998,1.024068,2
HOME_GOALS,10,mlp_torch,cform_diffmean_diffsum_form_mean_nplayers_raw_stage_sum,1.304508,0.0012179999999999,0.0684665,1.0200525,0.0057935,79.355,62.05,1.324707,1.045964,2
HOME_GOALS,11,xgb,cform_diffmean_diffsum_form_mean_nplayers_stage_sum,1.306037,0.0,0.063706,1.018768,0.0,79.44,61.97,1.323665,1.037384,1
HOME_GOALS,12,lstm_mlp_torch,cform_diffmean_diffsum_form_mean_nplayers_odds_stage_sum,1.307827,0.0,0.074187,1.006387,0.0,79.42,61.11,1.321693,1.028448,1
HOME_GOALS,13,lstm_mlp_multioutput_torch,cform_diffmean_diffsum_form_mean_nplayers_raw_stage_sum,1.309702,0.0025,0.06247,1.024663,0.0039509999999999,79.53,62.22,1.3006625,1.0248265,2
HOME_GOALS,14,lstm_mlp_multioutput_torch,cform_diffmean_diffsum_form_mean_nplayers_odds_raw_stage_sum,1.312701,0.0005609999999999,0.057735,1.0242615000000002,0.0008635,79.715,62.195,1.325193,1.0498695,2
HOME_GOALS,15,xgb,cform_diffmean_diffsum_form_mean_nplayers_odds_stage_sum,1.314194,0.002684,0.0712975,1.0192100000000002,0.0016289999999999,79.94,62.0,1.3156245,1.0331035,2
HOME_GOALS,16,mlp_torch,cform_diffmean_diffsum_form_mean_nplayers_odds_raw_stage_sum,1.314195,0.0,0.064782,1.026228,0.0,79.94,62.42,1.331579,1.049845,1
HOME_GOALS,17,lstm_mlp_multioutput_torch,cform_diffmean_diffsum_form_mean_nplayers_odds_stage_sum,1.31586,0.009422,0.055056,1.021838,0.005846,79.905,62.045,1.3132705,1.026578,2
HOME_GOALS,18,mlp_multioutput_torch,cform_diffmean_diffsum_form_mean_nplayers_odds_raw_stage_sum,1.3164820000000002,0.0041799999999999,0.0575745,1.027043,0.001812,80.08,62.47,1.319748,1.048113,2
HOME_GOALS,19,xgb,cform_diffmean_diffsum_form_mean_nplayers_raw_stage_sum,1.3241364999999998,0.0057435,0.0669735,1.0214085,0.0073324999999999,80.545,62.13,1.3235475,1.030984,2
HOME_GOALS,20,xgb,cform_diffmean_diffsum_form_mean_nplayers_odds_raw_stage_sum,1.324672,0.0130359999999999,0.0744625,1.022526,0.006058,80.575,62.2,1.311719,1.0282855,2
AWAY_GOALS,1,xgb,cform_diffmean_diffsum_form_mean_nplayers_odds_raw_stage_sum,1.1775345000000002,8.050000000003887e-05,0.0655755,0.918557,0.0001129999999999,92.345,72.03,1.037988,0.822632,2
AWAY_GOALS,2,xgb,cform_diffmean_diffsum_form_mean_nplayers_stage_sum,1.178546,0.0,0.064481,0.905053,0.0,92.42,70.97,1.037785,0.811028,1
AWAY_GOALS,3,xgb,cform_diffmean_diffsum_form_mean_nplayers_raw_stage_sum,1.179093,0.0104729999999999,0.0670885,0.917895,0.007697,92.465,71.97999999999999,1.040175,0.8182885,2
AWAY_GOALS,4,lstm_mlp_torch,cform_diffmean_diffsum_form_mean_nplayers_odds_raw_stage_sum,1.182576,0.0,0.059085,0.921855,0.0,90.54,70.58,1.060368,0.825508,1
AWAY_GOALS,5,mlp_multioutput_torch,cform_diffmean_diffsum_form_mean_nplayers_raw_stage_sum,1.185373,0.0014559999999999,0.0575955,0.923183,0.000697,92.955,72.39500000000001,1.062983,0.8331435,2
AWAY_GOALS,6,xgb,cform_diffmean_diffsum_form_mean_nplayers_odds_stage_sum,1.1856425,0.0011944999999999,0.063497,0.925401,0.00191,92.975,72.57,1.0469265,0.8294035,2
AWAY_GOALS,7,mlp_torch,cform_diffmean_diffsum_form_mean_nplayers_odds_raw_stage_sum,1.18712,0.0,0.060194,0.923057,0.0,93.09,72.39,1.045992,0.81862,1
AWAY_GOALS,8,lstm_mlp_multioutput_torch,cform_diffmean_diffsum_form_mean_nplayers_stage_sum,1.1885865,0.0032734999999999,0.0667435,0.9261965,0.0023205,91.0,70.91499999999999,1.061073,0.8166415,2
AWAY_GOALS,9,mlp_torch,cform_diffmean_diffsum_form_mean_nplayers_raw_stage_sum,1.1916915,0.0028635,0.0569675,0.9253965,0.0036734999999999,93.455,72.57,1.0594865,0.8296870000000001,2
AWAY_GOALS,10,mlp_multioutput_torch,cform_diffmean_diffsum_form_mean_nplayers_odds_stage_sum,1.1926665,0.0045775,0.067943,0.9284825,0.0055355,93.53,72.815,1.0628760000000002,0.8378185,2
AWAY_GOALS,11,mlp_torch,cform_diffmean_diffsum_form_mean_nplayers_stage_sum,1.1928385,0.0021674999999999,0.0564095,0.927312,0.0015749999999999,93.54,72.72,1.0521159999999998,0.824986,2
AWAY_GOALS,12,mlp_torch,cform_diffmean_diffsum_form_mean_nplayers_odds_stage_sum,1.192865,0.001614,0.0642145,0.932671,0.0016039999999999,93.545,73.14,1.0598519999999998,0.8350470000000001,2
AWAY_GOALS,13,mlp_multioutput_torch,cform_diffmean_diffsum_form_mean_nplayers_stage_sum,1.193063,0.0044729999999999,0.0619259999999999,0.9271675,0.0038374999999999,93.56,72.71000000000001,1.052285,0.82159,2
AWAY_GOALS,14,lstm_mlp_multioutput_torch,cform_diffmean_diffsum_form_mean_nplayers_odds_raw_stage_sum,1.19355,0.00616,0.0684555,0.9299705,0.0011694999999999,91.38,71.2,1.0583245,0.834588,2
AWAY_GOALS,15,lstm_mlp_multioutput_torch,cform_diffmean_diffsum_form_mean_nplayers_raw_stage_sum,1.1935545,0.0001685,0.058466,0.931596,0.0024219999999999,91.385,71.325,1.050542,0.8219194999999999,2
AWAY_GOALS,16,lstm_mlp_torch,cform_diffmean_diffsum_form_mean_nplayers_odds_stage_sum,1.195865,0.0,0.072038,0.93076,0.0,91.56,71.26,1.041845,0.805698,1
AWAY_GOALS,17,lstm_mlp_torch,cform_diffmean_diffsum_form_mean_nplayers_stage_sum,1.19658,0.0063239999999999,0.053995,0.9313845,0.0074344999999999,91.615,71.31,1.0590435,0.825623,2
AWAY_GOALS,18,lstm_mlp_torch,cform_diffmean_diffsum_form_mean_nplayers_raw_stage_sum,1.198405,0.008213,0.061074,0.9271085,0.0029255,91.755,70.985,1.0596925,0.8309234999999999,2
AWAY_GOALS,19,lstm_mlp_multioutput_torch,cform_diffmean_diffsum_form_mean_nplayers_odds_stage_sum,1.1994365,0.0045804999999999,0.065251,0.943469,0.00472,91.83,72.235,1.074863,0.852391,2
AWAY_GOALS,20,mlp_multioutput_torch,cform_diffmean_diffsum_form_mean_nplayers_odds_raw_stage_sum,1.2017185,0.0010985,0.071804,0.938288,0.001118,94.235,73.58,1.0612184999999998,0.841708,2
HOME_CORNERS,1,mlp_multioutput_torch,cform_diffmean_diffsum_form_mean_nplayers_raw_stage_sum,2.9620015000000004,0.0092725,0.109987,2.358215,0.0056669999999998,55.305,44.025000000000006,3.1041695,2.492755,2
HOME_CORNERS,2,mlp_multioutput_torch,cform_diffmean_diffsum_form_mean_nplayers_odds_raw_stage_sum,2.9622275,0.0099445,0.0925835,2.3581695,0.0108814999999999,55.305,44.03,3.0694175,2.46059,2
HOME_CORNERS,3,mlp_multioutput_torch,cform_diffmean_diffsum_form_mean_nplayers_stage_sum,2.9626945,0.0005334999999999,0.1129064999999999,2.3645685,0.0013944999999999,55.32,44.145,3.077639,2.4761935,2
HOME_CORNERS,4,mlp_multioutput_torch,cform_diffmean_diffsum_form_mean_nplayers_odds_stage_sum,2.964111,0.0153970000000001,0.0871865,2.360712,0.0073959999999999,55.34,44.075,3.085001,2.485628,2
HOME_CORNERS,5,lstm_mlp_torch,cform_diffmean_diffsum_form_mean_nplayers_odds_raw_stage_sum,2.965932,0.0,0.103403,2.357745,0.0,55.91,44.45,3.09804,2.503155,1
HOME_CORNERS,6,mlp_torch,cform_diffmean_diffsum_form_mean_nplayers_raw_stage_sum,2.968966,0.0016539999999998,0.111788,2.361828,0.004998,55.43,44.095,3.1223155,2.502365,2
HOME_CORNERS,7,lstm_mlp_multioutput_torch,cform_diffmean_diffsum_form_mean_nplayers_odds_raw_stage_sum,2.969576,0.005217,0.093727,2.36156,0.0088489999999998,55.98,44.515,3.117198,2.495189,2
HOME_CORNERS,8,lstm_mlp_multioutput_torch,cform_diffmean_diffsum_form_mean_nplayers_stage_sum,2.9716145000000003,0.0022094999999999,0.098083,2.368754,0.0026389999999998,56.02,44.650000000000006,3.1339185,2.5043170000000003,2
HOME_CORNERS,9,lstm_mlp_torch,cform_diffmean_diffsum_form_mean_nplayers_raw_stage_sum,2.974637,0.0195229999999999,0.107077,2.3635585,0.0139074999999999,56.075,44.555,3.141311,2.515923,2
HOME_CORNERS,10,xgb,cform_diffmean_diffsum_form_mean_nplayers_stage_sum,2.975478,0.0,0.094009,2.355144,0.0,55.55,43.97,3.111402,2.499144,1
HOME_CORNERS,11,xgb,cform_diffmean_diffsum_form_mean_nplayers_odds_stage_sum,2.9777045,0.0013055000000001,0.0774235,2.362483,0.003276,55.595,44.11,3.0904545,2.496187,2
HOME_CORNERS,12,lstm_mlp_multioutput_torch,cform_diffmean_diffsum_form_mean_nplayers_raw_stage_sum,2.979037,0.00638,0.089772,2.373494,0.0040490000000001,56.16,44.745000000000005,3.148586,2.528386,2
HOME_CORNERS,13,lstm_mlp_torch,cform_diffmean_diffsum_form_mean_nplayers_stage_sum,2.9795305,0.0067025,0.1042755,2.3620005,0.0001374999999999,56.165,44.525000000000006,3.1389855,2.536632,2
HOME_CORNERS,14,lstm_mlp_torch,cform_diffmean_diffsum_form_mean_nplayers_odds_stage_sum,2.981678,0.0,0.099208,2.374041,0.0,56.21,44.75,3.045473,2.440755,1
HOME_CORNERS,15,xgb,cform_diffmean_diffsum_form_mean_nplayers_raw_stage_sum,2.9817395,0.0020874999999997,0.096562,2.357844,0.0008159999999999,55.67,44.025,3.0854945,2.478067,2
HOME_CORNERS,16,lstm_mlp_multioutput_torch,cform_diffmean_diffsum_form_mean_nplayers_odds_stage_sum,2.98383,0.0016209999999998,0.0918765,2.3748875,0.0017044999999999,56.25,44.77,3.0970335,2.483545,2
HOME_CORNERS,17,mlp_torch,cform_diffmean_diffsum_form_mean_nplayers_stage_sum,2.985265,0.0004330000000001,0.0989434999999999,2.3734955,0.0002375000000001,55.735,44.315,3.124842,2.51501,2
HOME_CORNERS,18,xgb,cform_diffmean_diffsum_form_mean_nplayers_odds_raw_stage_sum,2.985992,0.006294,0.082745,2.3719355,0.0070205,55.75,44.285,3.078537,2.495664,2
HOME_CORNERS,19,mlp_torch,cform_diffmean_diffsum_form_mean_nplayers_odds_stage_sum,2.9988925,0.0201274999999998,0.0979785,2.3941475,0.0193665,55.995,44.7,3.1609185,2.5561905,2
HOME_CORNERS,20,mlp_torch,cform_diffmean_diffsum_form_mean_nplayers_odds_raw_stage_sum,3.000848,0.0,0.096488,2.393144,0.0,56.03,44.68,3.088251,2.507208,1
AWAY_CORNERS,1,lstm_mlp_torch,cform_diffmean_diffsum_form_mean_nplayers_odds_stage_sum,2.576275,0.0,0.052036,1.989209,0.0,62.15,47.99,2.475012,1.949757,1
AWAY_CORNERS,2,lstm_mlp_torch,cform_diffmean_diffsum_form_mean_nplayers_stage_sum,2.5767075,0.0084385,0.06094,1.99375,0.0060239999999999,62.155,48.095,2.4954455,1.955251,2
AWAY_CORNERS,3,mlp_multioutput_torch,cform_diffmean_diffsum_form_mean_nplayers_stage_sum,2.5817555,0.0044695000000001,0.0630339999999999,1.999792,0.001922,62.88,48.705,2.4863095,1.9509785,2
AWAY_CORNERS,4,mlp_torch,cform_diffmean_diffsum_form_mean_nplayers_odds_stage_sum,2.582371,0.015538,0.0653245,2.010715,0.0135439999999998,62.895,48.97,2.4777205,1.952598,2
AWAY_CORNERS,5,lstm_mlp_torch,cform_diffmean_diffsum_form_mean_nplayers_odds_raw_stage_sum,2.583484,0.0,0.063715,2.006467,0.0,62.32,48.4,2.495084,1.963403,1
AWAY_CORNERS,6,xgb,cform_diffmean_diffsum_form_mean_nplayers_stage_sum,2.583851,0.0,0.058979,2.016216,0.0,62.93,49.11,2.493946,1.988087,1
AWAY_CORNERS,7,mlp_multioutput_torch,cform_diffmean_diffsum_form_mean_nplayers_odds_stage_sum,2.5852785,0.0044575,0.060457,2.013331,0.007954,62.97,49.035,2.4634555,1.947164,2
AWAY_CORNERS,8,lstm_mlp_multioutput_torch,cform_diffmean_diffsum_form_mean_nplayers_raw_stage_sum,2.587896,0.0015850000000001,0.054743,2.0046475,0.0045215,62.43,48.36,2.492323,1.949501,2
AWAY_CORNERS,9,lstm_mlp_torch,cform_diffmean_diffsum_form_mean_nplayers_raw_stage_sum,2.588741,0.010998,0.068338,2.0083465,0.0044374999999998,62.445,48.445,2.511483,1.9846845,2
AWAY_CORNERS,10,mlp_multioutput_torch,cform_diffmean_diffsum_form_mean_nplayers_raw_stage_sum,2.589119,0.003263,0.071134,2.0105815,0.0047184999999998,63.06,48.965,2.4885905,1.953677,2
AWAY_CORNERS,11,xgb,cform_diffmean_diffsum_form_mean_nplayers_odds_raw_stage_sum,2.590127,0.006083,0.062336,2.0257925,0.0003204999999999,63.085,49.34,2.4751245,1.965748,2
AWAY_CORNERS,12,xgb,cform_diffmean_diffsum_form_mean_nplayers_raw_stage_sum,2.5904105,0.0043845,0.0529045,2.0180395,0.0027105,63.095,49.155,2.4899475000000004,1.973447,2
AWAY_CORNERS,13,lstm_mlp_multioutput_torch,cform_diffmean_diffsum_form_mean_nplayers_stage_sum,2.5947,3.0999999999892225e-05,0.057366,2.0104355,0.0080145,62.59,48.495,2.5068675,1.9904245,2
AWAY_CORNERS,14,mlp_torch,cform_diffmean_diffsum_form_mean_nplayers_odds_raw_stage_sum,2.594831,0.0,0.066595,2.017853,0.0,63.2,49.15,2.486653,1.956565,1
AWAY_CORNERS,15,mlp_torch,cform_diffmean_diffsum_form_mean_nplayers_stage_sum,2.5952845,0.0176555,0.057418,2.0205685,0.0161164999999998,63.21,49.215,2.496753,1.9611735,2
AWAY_CORNERS,16,lstm_mlp_multioutput_torch,cform_diffmean_diffsum_form_mean_nplayers_odds_raw_stage_sum,2.5960145,0.0039605,0.062246,2.0191765000000004,0.0026604999999999,62.625,48.705,2.4778275,1.961843,2
AWAY_CORNERS,17,mlp_multioutput_torch,cform_diffmean_diffsum_form_mean_nplayers_odds_raw_stage_sum,2.596382,0.0074929999999999,0.0741555,2.015952,0.0092340000000001,63.24,49.105,2.4763390000000003,1.9495845,2
AWAY_CORNERS,18,lstm_mlp_multioutput_torch,cform_diffmean_diffsum_form_mean_nplayers_odds_stage_sum,2.5968485,0.0008425,0.062838,2.0201345,0.0048945,62.64,48.73,2.480415,1.9420705,2
AWAY_CORNERS,19,mlp_torch,cform_diffmean_diffsum_form_mean_nplayers_raw_stage_sum,2.5970575,0.0057754999999999,0.072383,2.015346,0.0042170000000001,63.25,49.085,2.501255,1.9647275,2
AWAY_CORNERS,20,xgb,cform_diffmean_diffsum_form_mean_nplayers_odds_stage_sum,2.5970685,0.0063684999999999,0.067966,2.036373,0.0047659999999998,63.255,49.595,2.4798105,1.9733365,2
HOME_YELLOWCARDS,1,lstm_mlp_multioutput_torch,cform_diffmean_diffsum_form_mean_nplayers_raw_stage_sum,1.3298965,0.0007924999999999,0.05175,1.0639310000000002,0.001278,70.00999999999999,56.01,1.303925,1.0579285,2
HOME_YELLOWCARDS,2,xgb,cform_diffmean_diffsum_form_mean_nplayers_odds_raw_stage_sum,1.33244,0.002981,0.0410785,1.0669244999999998,0.0019704999999999,70.095,56.125,1.2811295,1.033656,2
HOME_YELLOWCARDS,3,xgb,cform_diffmean_diffsum_form_mean_nplayers_odds_stage_sum,1.3380085,0.0077524999999999,0.0396195,1.0744225,0.0089354999999999,70.39,56.52,1.290734,1.040951,2
HOME_YELLOWCARDS,4,xgb,cform_diffmean_diffsum_form_mean_nplayers_stage_sum,1.3395,0.0,0.040455,1.071943,0.0,70.47,56.39,1.30217,1.044273,1
HOME_YELLOWCARDS,5,xgb,cform_diffmean_diffsum_form_mean_nplayers_raw_stage_sum,1.3395665,0.0026154999999999,0.040807,1.0724685,0.0025325,70.47,56.42,1.28752,1.037265,2
HOME_YELLOWCARDS,6,lstm_mlp_multioutput_torch,cform_diffmean_diffsum_form_mean_nplayers_odds_stage_sum,1.3403135000000002,0.0015005,0.0463985,1.0663865,0.0006365,70.56,56.135000000000005,1.2975095,1.0503105,2
HOME_YELLOWCARDS,7,lstm_mlp_torch,cform_diffmean_diffsum_form_mean_nplayers_stage_sum,1.341098,0.002827,0.0433425,1.077113,0.007962,70.6,56.7,1.31062,1.0539770000000002,2
HOME_YELLOWCARDS,8,lstm_mlp_multioutput_torch,cform_diffmean_diffsum_form_mean_nplayers_odds_raw_stage_sum,1.341658,0.005481,0.0460519999999999,1.0697675,0.0036724999999999,70.63,56.315,1.2887415,1.042174,2
HOME_YELLOWCARDS,9,lstm_mlp_torch,cform_diffmean_diffsum_form_mean_nplayers_odds_raw_stage_sum,1.342279,0.0,0.045333,1.080583,0.0,70.66,56.89,1.330924,1.096416,1
HOME_YELLOWCARDS,10,mlp_multioutput_torch,cform_diffmean_diffsum_form_mean_nplayers_raw_stage_sum,1.342512,0.000657,0.046934,1.0745695,0.0031565,70.625,56.53,1.299313,1.0496185,2
HOME_YELLOWCARDS,11,lstm_mlp_multioutput_torch,cform_diffmean_diffsum_form_mean_nplayers_stage_sum,1.3429365,0.0019015,0.042683,1.0745345,0.0007105,70.69999999999999,56.565,1.3103475,1.068452,2
HOME_YELLOWCARDS,12,mlp_multioutput_torch,cform_diffmean_diffsum_form_mean_nplayers_stage_sum,1.3472835,0.0055005,0.04278,1.081439,0.0088699999999999,70.88,56.89,1.301798,1.0551475,2
HOME_YELLOWCARDS,13,mlp_multioutput_torch,cform_diffmean_diffsum_form_mean_nplayers_odds_stage_sum,1.3496395,0.0049875,0.039204,1.0803145,0.0010525,71.0,56.835,1.3057195,1.0510465,2
HOME_YELLOWCARDS,14,mlp_multioutput_torch,cform_diffmean_diffsum_form_mean_nplayers_odds_raw_stage_sum,1.3503444999999998,0.0136405,0.0405149999999999,1.0772875000000002,0.0121725,71.03999999999999,56.67,1.3042725000000002,1.054317,2
HOME_YELLOWCARDS,15,mlp_torch,cform_diffmean_diffsum_form_mean_nplayers_stage_sum,1.3504665,0.0035175,0.0474175,1.0833755,0.0012455,71.045,56.995000000000005,1.32073,1.062423,2
HOME_YELLOWCARDS,16,lstm_mlp_torch,cform_diffmean_diffsum_form_mean_nplayers_raw_stage_sum,1.351873,0.0066449999999999,0.0475644999999999,1.0871985,0.0075344999999999,71.16999999999999,57.235,1.3136555,1.060842,2
HOME_YELLOWCARDS,17,mlp_torch,cform_diffmean_diffsum_form_mean_nplayers_odds_raw_stage_sum,1.354912,0.0,0.045059,1.089628,0.0,71.28,57.32,1.311044,1.072484,1
HOME_YELLOWCARDS,18,mlp_torch,cform_diffmean_diffsum_form_mean_nplayers_raw_stage_sum,1.3646335,0.0001594999999999,0.0419255,1.0903895,0.0019194999999999,71.78999999999999,57.36,1.3307625,1.077176,2
HOME_YELLOWCARDS,19,mlp_torch,cform_diffmean_diffsum_form_mean_nplayers_odds_stage_sum,1.3701315,0.0021474999999999,0.04864,1.0999560000000002,0.0034049999999999,72.08,57.865,1.3272335000000002,1.0856050000000002,2
HOME_YELLOWCARDS,20,lstm_mlp_torch,cform_diffmean_diffsum_form_mean_nplayers_odds_stage_sum,1.371171,0.0,0.047312,1.104173,0.0,72.18,58.13,1.336167,1.088703,1
AWAY_YELLOWCARDS,1,xgb,cform_diffmean_diffsum_form_mean_nplayers_stage_sum,1.43054,0.0,0.044669,1.14062,0.0,66.78,53.24,1.532826,1.217239,1
AWAY_YELLOWCARDS,2,xgb,cform_diffmean_diffsum_form_mean_nplayers_odds_raw_stage_sum,1.430841,0.000429,0.0417315,1.141041,0.0004199999999999,66.78999999999999,53.260000000000005,1.5175025,1.1978665,2
AWAY_YELLOWCARDS,3,xgb,cform_diffmean_diffsum_form_mean_nplayers_raw_stage_sum,1.4326065,0.0017085,0.041565,1.140533,0.0014769999999999,66.87,53.24,1.528304,1.2120815,2
AWAY_YELLOWCARDS,4,lstm_mlp_multioutput_torch,cform_diffmean_diffsum_form_mean_nplayers_stage_sum,1.434618,0.002461,0.0459165,1.1397374999999998,0.0053225,67.255,53.43,1.5386485,1.2314855,2
AWAY_YELLOWCARDS,5,xgb,cform_diffmean_diffsum_form_mean_nplayers_odds_stage_sum,1.436711,0.003568,0.0438335,1.1457199999999998,0.0027389999999999,67.065,53.48,1.51754,1.1981039999999998,2
AWAY_YELLOWCARDS,6,lstm_mlp_torch,cform_diffmean_diffsum_form_mean_nplayers_stage_sum,1.438213,0.0068369999999999,0.048531,1.1483395,0.0054204999999999,67.43,53.835,1.561838,1.256716,2
AWAY_YELLOWCARDS,7,lstm_mlp_multioutput_torch,cform_diffmean_diffsum_form_mean_nplayers_odds_raw_stage_sum,1.4397075,0.0120445,0.0444965,1.1476425,0.0094735,67.495,53.805,1.5410005,1.2268455,2
AWAY_YELLOWCARDS,8,lstm_mlp_multioutput_torch,cform_diffmean_diffsum_form_mean_nplayers_odds_stage_sum,1.440746,0.0103179999999999,0.056033,1.1432639999999998,0.008198,67.545,53.6,1.5460444999999998,1.2321785,2
AWAY_YELLOWCARDS,9,mlp_multioutput_torch,cform_diffmean_diffsum_form_mean_nplayers_stage_sum,1.444991,0.0033549999999999,0.046244,1.1501365,0.0083384999999999,67.45,53.69,1.5570905,1.2458235,2
AWAY_YELLOWCARDS,10,lstm_mlp_multioutput_torch,cform_diffmean_diffsum_form_mean_nplayers_raw_stage_sum,1.449547,0.007773,0.052442,1.162341,0.004446,67.955,54.495000000000005,1.5510915,1.2368845,2
AWAY_YELLOWCARDS,11,mlp_torch,cform_diffmean_diffsum_form_mean_nplayers_odds_stage_sum,1.450221,0.00161,0.0490515,1.1549025,0.0042474999999999,67.695,53.91,1.5323615,1.226356,2
AWAY_YELLOWCARDS,12,lstm_mlp_torch,cform_diffmean_diffsum_form_mean_nplayers_raw_stage_sum,1.4514875,0.0036775,0.050551,1.1543125,0.0063214999999999,68.05,54.115,1.547935,1.2282655,2
AWAY_YELLOWCARDS,13,mlp_multioutput_torch,cform_diffmean_diffsum_form_mean_nplayers_raw_stage_sum,1.456016,0.0023869999999999,0.0500695,1.160761,0.003359,67.965,54.185,1.551677,1.23437,2
AWAY_YELLOWCARDS,14,mlp_multioutput_torch,cform_diffmean_diffsum_form_mean_nplayers_odds_raw_stage_sum,1.4567315,0.0089114999999999,0.0484215,1.1672055,0.0121844999999999,67.995,54.48,1.5312855,1.234744,2
AWAY_YELLOWCARDS,15,mlp_multioutput_torch,cform_diffmean_diffsum_form_mean_nplayers_odds_stage_sum,1.458997,0.00395,0.046154,1.165829,0.002523,68.105,54.42,1.5270785,1.2190575,2
AWAY_YELLOWCARDS,16,mlp_torch,cform_diffmean_diffsum_form_mean_nplayers_raw_stage_sum,1.461286,0.00517,0.0550844999999999,1.1730055,0.0076565,68.21000000000001,54.755,1.557489,1.2428995,2
AWAY_YELLOWCARDS,17,mlp_torch,cform_diffmean_diffsum_form_mean_nplayers_stage_sum,1.469221,0.001577,0.0451755,1.1773280000000002,0.0033569999999999,68.58000000000001,54.955,1.549118,1.2375965,2
AWAY_YELLOWCARDS,18,lstm_mlp_torch,cform_diffmean_diffsum_form_mean_nplayers_odds_stage_sum,1.473165,0.0,0.04792,1.170877,0.0,69.07,54.89,1.527722,1.2249,1
AWAY_YELLOWCARDS,19,lstm_mlp_torch,cform_diffmean_diffsum_form_mean_nplayers_odds_raw_stage_sum,1.485079,0.0,0.054258,1.182317,0.0,69.63,55.43,1.530234,1.205672,1
AWAY_YELLOWCARDS,20,mlp_torch,cform_diffmean_diffsum_form_mean_nplayers_odds_raw_stage_sum,1.511063,0.0,0.039867,1.209008,0.0,70.53,56.43,1.641126,1.299661,1
HOME_SHOTS_ON_TARGET,1,xgb,cform_diffmean_diffsum_form_mean_nplayers_stage_sum,2.609374,0.0,0.098043,2.075562,0.0,51.45,40.92,2.649532,2.135887,1
HOME_SHOTS_ON_TARGET,2,xgb,cform_diffmean_diffsum_form_mean_nplayers_raw_stage_sum,2.6128045,0.0007854999999998,0.0917205,2.074894,0.0007619999999999,51.515,40.905,2.6539355,2.1349915,2
HOME_SHOTS_ON_TARGET,3,lstm_mlp_torch,cform_diffmean_diffsum_form_mean_nplayers_stage_sum,2.621149,0.007587,0.1031219999999999,2.0753065,0.0096074999999999,51.91,41.1,2.671018,2.1538975,2
HOME_SHOTS_ON_TARGET,4,mlp_multioutput_torch,cform_diffmean_diffsum_form_mean_nplayers_stage_sum,2.6237725000000003,0.0045965000000001,0.0818125,2.0928305,0.0035104999999999,51.73,41.26,2.6419305,2.153154,2
HOME_SHOTS_ON_TARGET,5,lstm_mlp_torch,cform_diffmean_diffsum_form_mean_nplayers_odds_stage_sum,2.625819,0.0,0.109948,2.081407,0.0,52.0,41.22,2.632895,2.110275,1
HOME_SHOTS_ON_TARGET,6,lstm_mlp_multioutput_torch,cform_diffmean_diffsum_form_mean_nplayers_stage_sum,2.6292,7.700000000010476e-05,0.0972109999999999,2.092499,0.0007589999999999,52.065,41.435,2.6794725,2.1570735,2
HOME_SHOTS_ON_TARGET,7,xgb,cform_diffmean_diffsum_form_mean_nplayers_odds_raw_stage_sum,2.631062,0.0075259999999999,0.1007359999999999,2.0831695000000003,0.0092304999999999,51.875,41.07,2.630296,2.1189345,2
HOME_SHOTS_ON_TARGET,8,xgb,cform_diffmean_diffsum_form_mean_nplayers_odds_stage_sum,2.631743,0.000666,0.1001755,2.0879975,0.0021444999999999,51.885,41.17,2.625607,2.120098,2
HOME_SHOTS_ON_TARGET,9,lstm_mlp_torch,cform_diffmean_diffsum_form_mean_nplayers_odds_raw_stage_sum,2.633926,0.0,0.095154,2.094367,0.0,52.16,41.47,2.663809,2.136794,1
HOME_SHOTS_ON_TARGET,10,mlp_multioutput_torch,cform_diffmean_diffsum_form_mean_nplayers_odds_stage_sum,2.635044,0.000221,0.0828335,2.0901915,0.0009974999999999,51.955,41.21,2.661148,2.156971,2
HOME_SHOTS_ON_TARGET,11,mlp_multioutput_torch,cform_diffmean_diffsum_form_mean_nplayers_raw_stage_sum,2.6390705,0.0066554999999999,0.087541,2.0953275,0.0041084999999998,52.03,41.31,2.6688575,2.1482785,2
HOME_SHOTS_ON_TARGET,12,mlp_torch,cform_diffmean_diffsum_form_mean_nplayers_raw_stage_sum,2.6405115,0.0088394999999998,0.081614,2.0998685000000004,0.0098475,52.065,41.405,2.7250415,2.194893,2
HOME_SHOTS_ON_TARGET,13,mlp_torch,cform_diffmean_diffsum_form_mean_nplayers_odds_stage_sum,2.642182,0.0083519999999999,0.0931475,2.0877245,0.0060645000000001,52.095,41.16,2.6497795,2.1379825,2
HOME_SHOTS_ON_TARGET,14,lstm_mlp_multioutput_torch,cform_diffmean_diffsum_form_mean_nplayers_odds_stage_sum,2.6422505000000003,0.0024645,0.0921075,2.0974975,0.0038565000000001,52.32,41.535,2.6472420000000003,2.149823,2
HOME_SHOTS_ON_TARGET,15,lstm_mlp_multioutput_torch,cform_diffmean_diffsum_form_mean_nplayers_raw_stage_sum,2.6453625,0.0048084999999999,0.0850104999999999,2.100941,0.0041139999999999,52.385,41.605,2.6786190000000003,2.1503365,2
HOME_SHOTS_ON_TARGET,16,mlp_torch,cform_diffmean_diffsum_form_mean_nplayers_odds_raw_stage_sum,2.647414,0.0,0.07406,2.105488,0.0,52.2,41.51,2.701369,2.171457,1
HOME_SHOTS_ON_TARGET,17,mlp_torch,cform_diffmean_diffsum_form_mean_nplayers_stage_sum,2.652083,0.0158150000000001,0.090769,2.105049,0.0200739999999999,52.29,41.505,2.6883605,2.191023,2
HOME_SHOTS_ON_TARGET,18,mlp_multioutput_torch,cform_diffmean_diffsum_form_mean_nplayers_odds_raw_stage_sum,2.6536685,0.0051064999999999,0.0657685,2.1088585,0.0063164999999998,52.32,41.575,2.7038105000000003,2.1718265,2
HOME_SHOTS_ON_TARGET,19,lstm_mlp_multioutput_torch,cform_diffmean_diffsum_form_mean_nplayers_odds_raw_stage_sum,2.6581495,0.0011874999999998,0.088945,2.1104025,0.0007844999999999,52.635,41.795,2.679736,2.1611185,2
HOME_SHOTS_ON_TARGET,20,lstm_mlp_torch,cform_diffmean_diffsum_form_mean_nplayers_raw_stage_sum,2.668933,0.0061439999999999,0.0901764999999999,2.119625,0.000466,52.85,41.97,2.7595335,2.2387195,2
AWAY_SHOTS_ON_TARGET,1,xgb,cform_diffmean_diffsum_form_mean_nplayers_raw_stage_sum,2.3608505,0.0050545000000001,0.1416045,1.838317,0.00456,60.89,47.415,2.2222375,1.7827715,2
AWAY_SHOTS_ON_TARGET,2,xgb,cform_diffmean_diffsum_form_mean_nplayers_stage_sum,2.364451,0.0,0.140833,1.842996,0.0,60.99,47.54,2.22646,1.782945,1
AWAY_SHOTS_ON_TARGET,3,lstm_mlp_torch,cform_diffmean_diffsum_form_mean_nplayers_odds_stage_sum,2.375029,0.0,0.138445,1.850489,0.0,60.2,46.9,2.200037,1.756513,1
AWAY_SHOTS_ON_TARGET,4,xgb,cform_diffmean_diffsum_form_mean_nplayers_odds_raw_stage_sum,2.3842565,0.0015815000000001,0.1536425,1.8594745,0.0001225,61.5,47.96,2.2046900000000003,1.7584615,2
AWAY_SHOTS_ON_TARGET,5,mlp_multioutput_torch,cform_diffmean_diffsum_form_mean_nplayers_stage_sum,2.384885,0.004248,0.1350335,1.8533825,0.0005254999999999,61.51,47.805,2.228113,1.769547,2
AWAY_SHOTS_ON_TARGET,6,xgb,cform_diffmean_diffsum_form_mean_nplayers_odds_stage_sum,2.3871415,0.0039744999999999,0.155745,1.8584715,0.0022214999999999,61.57,47.935,2.203708,1.7530135,2
AWAY_SHOTS_ON_TARGET,7,mlp_multioutput_torch,cform_diffmean_diffsum_form_mean_nplayers_odds_stage_sum,2.3875175,0.0026155000000001,0.146069,1.862309,0.0035529999999999,61.58,48.035,2.2090815,1.7716415,2
AWAY_SHOTS_ON_TARGET,8,lstm_mlp_torch,cform_diffmean_diffsum_form_mean_nplayers_stage_sum,2.3877405,0.0013795,0.1391049999999999,1.856557,0.000588,60.525000000000006,47.055,2.183992,1.734635,2
AWAY_SHOTS_ON_TARGET,9,mlp_torch,cform_diffmean_diffsum_form_mean_nplayers_stage_sum,2.389396,0.0038409999999999,0.1345345,1.8592845,4.549999999992061e-05,61.63,47.955,2.2128490000000003,1.7542185,2
AWAY_SHOTS_ON_TARGET,10,lstm_mlp_torch,cform_diffmean_diffsum_form_mean_nplayers_odds_raw_stage_sum,2.392052,0.0,0.151386,1.869203,0.0,60.63,47.38,2.230331,1.744883,1
AWAY_SHOTS_ON_TARGET,11,lstm_mlp_multioutput_torch,cform_diffmean_diffsum_form_mean_nplayers_raw_stage_sum,2.392469,0.0098800000000001,0.1364495,1.856878,0.0094509999999999,60.64,47.07,2.236551,1.7745385,2
AWAY_SHOTS_ON_TARGET,12,lstm_mlp_multioutput_torch,cform_diffmean_diffsum_form_mean_nplayers_odds_raw_stage_sum,2.3935795000000004,0.0035344999999999,0.1215495,1.8680305,0.0047964999999999,60.67,47.35,2.2215930000000004,1.754092,2
AWAY_SHOTS_ON_TARGET,13,lstm_mlp_multioutput_torch,cform_diffmean_diffsum_form_mean_nplayers_stage_sum,2.3943255,0.0002975,0.1273315,1.863219,0.0044919999999999,60.69,47.225,2.2098925,1.7537664999999998,2
AWAY_SHOTS_ON_TARGET,14,mlp_multioutput_torch,cform_diffmean_diffsum_form_mean_nplayers_raw_stage_sum,2.396602,0.004752,0.138786,1.860918,0.0013159999999999,61.815,47.995000000000005,2.2364295,1.7762924999999998,2
AWAY_SHOTS_ON_TARGET,15,mlp_torch,cform_diffmean_diffsum_form_mean_nplayers_odds_raw_stage_sum,2.396709,0.0,0.14794,1.871271,0.0,61.82,48.27,2.245787,1.795068,1
AWAY_SHOTS_ON_TARGET,16,mlp_torch,cform_diffmean_diffsum_form_mean_nplayers_raw_stage_sum,2.4039685,0.0042225,0.137874,1.876909,0.0015859999999999,62.005,48.41,2.2453735000000004,1.7762765,2
AWAY_SHOTS_ON_TARGET,17,lstm_mlp_torch,cform_diffmean_diffsum_form_mean_nplayers_raw_stage_sum,2.405965,0.0086329999999998,0.146536,1.8730025,0.0032744999999999,60.98,47.475,2.2152565,1.7559475,2
AWAY_SHOTS_ON_TARGET,18,lstm_mlp_multioutput_torch,cform_diffmean_diffsum_form_mean_nplayers_odds_stage_sum,2.407514,0.0139279999999999,0.137706,1.888226,0.0198009999999999,61.025000000000006,47.86,2.225397,1.759706,2
AWAY_SHOTS_ON_TARGET,19,mlp_multioutput_torch,cform_diffmean_diffsum_form_mean_nplayers_odds_raw_stage_sum,2.4087735,0.0098294999999999,0.1437065,1.882991,0.009342,62.13,48.57,2.2289505,1.76897,2
AWAY_SHOTS_ON_TARGET,20,mlp_torch,cform_diffmean_diffsum_form_mean_nplayers_odds_stage_sum,2.4175055,0.0191185,0.1311815,1.883485,0.0148549999999999,62.355,48.58,2.213135,1.757372,2
HOME_FOULS,1,xgb,cform_diffmean_diffsum_form_mean_nplayers_odds_raw_stage_sum,4.058768499999999,0.0017334999999998,0.132815,3.1598725,9.049999999999336e-05,34.825,27.11,3.8368735,3.102518,2
HOME_FOULS,2,xgb,cform_diffmean_diffsum_form_mean_nplayers_raw_stage_sum,4.064115,0.0005040000000002,0.13034,3.1616545,0.0084705,34.87,27.125,3.828962,3.0957935,2
HOME_FOULS,3,xgb,cform_diffmean_diffsum_form_mean_nplayers_stage_sum,4.074454,0.0,0.133472,3.177645,0.0,34.96,27.26,3.831128,3.097965,1
HOME_FOULS,4,xgb,cform_diffmean_diffsum_form_mean_nplayers_odds_stage_sum,4.07916,0.0013829999999996,0.1321405,3.1849245,0.0069855,35.0,27.33,3.839772,3.0993115,2
HOME_FOULS,5,lstm_mlp_torch,cform_diffmean_diffsum_form_mean_nplayers_odds_stage_sum,4.092285,0.0,0.112283,3.193661,0.0,35.13,27.42,3.889501,3.13233,1
HOME_FOULS,6,lstm_mlp_torch,cform_diffmean_diffsum_form_mean_nplayers_stage_sum,4.1026595,0.0231274999999997,0.1349645,3.1811475,0.0174545000000001,35.22,27.31,3.931746,3.2095675000000004,2
HOME_FOULS,7,lstm_mlp_multioutput_torch,cform_diffmean_diffsum_form_mean_nplayers_stage_sum,4.110891499999999,0.0110434999999999,0.1174995,3.206769,0.0079329999999999,35.295,27.53,3.9062595,3.1610560000000003,2
HOME_FOULS,8,lstm_mlp_torch,cform_diffmean_diffsum_form_mean_nplayers_raw_stage_sum,4.1148135,0.0128995,0.131212,3.183405,0.015679,35.325,27.325000000000003,3.9314655,3.183367,2
HOME_FOULS,9,mlp_torch,cform_diffmean_diffsum_form_mean_nplayers_stage_sum,4.116371,0.014043,0.1319875,3.2071215,0.0172634999999998,35.32,27.515,3.849871,3.1022480000000003,2
HOME_FOULS,10,lstm_mlp_torch,cform_diffmean_diffsum_form_mean_nplayers_odds_raw_stage_sum,4.121118,0.0,0.129674,3.18832,0.0,35.38,27.37,3.914866,3.155267,1
HOME_FOULS,11,lstm_mlp_multioutput_torch,cform_diffmean_diffsum_form_mean_nplayers_odds_stage_sum,4.1214455,0.0042214999999998,0.134834,3.1991335000000003,0.0014255,35.38,27.465,3.9102535,3.1643595,2
HOME_FOULS,12,lstm_mlp_multioutput_torch,cform_diffmean_diffsum_form_mean_nplayers_raw_stage_sum,4.1271265,0.0115094999999998,0.1343285,3.2105975,0.0105835,35.43,27.56,3.8678145,3.126753,2
HOME_FOULS,13,mlp_multioutput_torch,cform_diffmean_diffsum_form_mean_nplayers_stage_sum,4.1358250000000005,0.0109179999999997,0.142052,3.206409,0.0176260000000001,35.485,27.51,3.9061185,3.158563,2
HOME_FOULS,14,lstm_mlp_multioutput_torch,cform_diffmean_diffsum_form_mean_nplayers_odds_raw_stage_sum,4.1390455,0.0428195000000002,0.126712,3.212702,0.042713,35.53,27.58,3.9041175,3.155523,2
HOME_FOULS,15,mlp_multioutput_torch,cform_diffmean_diffsum_form_mean_nplayers_raw_stage_sum,4.141428,0.0055019999999998,0.1254839999999999,3.2189715,0.0080564999999999,35.535,27.62,3.960788,3.20263,2
HOME_FOULS,16,mlp_torch,cform_diffmean_diffsum_form_mean_nplayers_raw_stage_sum,4.1431705,0.0063234999999997,0.1314775,3.2196755,0.0014775,35.545,27.625,3.9491295,3.1958695,2
HOME_FOULS,17,mlp_multioutput_torch,cform_diffmean_diffsum_form_mean_nplayers_odds_stage_sum,4.1559545,0.0017715000000002,0.1315164999999999,3.219594,0.0072929999999999,35.655,27.625,3.9200625,3.1542515,2
HOME_FOULS,18,mlp_torch,cform_diffmean_diffsum_form_mean_nplayers_odds_raw_stage_sum,4.156239,0.0,0.102256,3.223941,0.0,35.66,27.66,3.98798,3.210331,1
HOME_FOULS,19,mlp_multioutput_torch,cform_diffmean_diffsum_form_mean_nplayers_odds_raw_stage_sum,4.1671895,0.0063585000000001,0.1257405,3.2225485,0.0160095,35.755,27.65,3.965165,3.173064,2
HOME_FOULS,20,mlp_torch,cform_diffmean_diffsum_form_mean_nplayers_odds_stage_sum,4.17426,0.039215,0.1159284999999999,3.269711,0.0283649999999999,35.815,28.055,3.888728,3.104477,2
AWAY_FOULS,1,xgb,cform_diffmean_diffsum_form_mean_nplayers_raw_stage_sum,4.351381,0.0031400000000001,0.0679785,3.3920885,0.0051704999999999,37.145,28.955,4.4354785,3.504713,2
AWAY_FOULS,2,xgb,cform_diffmean_diffsum_form_mean_nplayers_odds_raw_stage_sum,4.364033,0.0135180000000003,0.0625955,3.3998895,0.0144025,37.255,29.025,4.431328499999999,3.500465,2
AWAY_FOULS,3,xgb,cform_diffmean_diffsum_form_mean_nplayers_stage_sum,4.366076,0.0,0.072482,3.394981,0.0,37.27,28.98,4.436084,3.510477,1
AWAY_FOULS,4,xgb,cform_diffmean_diffsum_form_mean_nplayers_odds_stage_sum,4.37099,0.0004109999999997,0.057442,3.4032245,0.0037514999999999,37.315,29.05,4.424117,3.4670285,2
AWAY_FOULS,5,lstm_mlp_torch,cform_diffmean_diffsum_form_mean_nplayers_odds_stage_sum,4.431456,0.0,0.073855,3.416499,0.0,37.95,29.26,4.508003,3.50109,1
AWAY_FOULS,6,lstm_mlp_torch,cform_diffmean_diffsum_form_mean_nplayers_stage_sum,4.432408,0.0039199999999999,0.0564715,3.4324045,0.0063655,37.955,29.395,4.509672,3.52267,2
AWAY_FOULS,7,lstm_mlp_multioutput_torch,cform_diffmean_diffsum_form_mean_nplayers_raw_stage_sum,4.441711,0.0015779999999998,0.068401,3.4379505,0.0048295,38.035,29.44,4.597411,3.6277635,2
AWAY_FOULS,8,lstm_mlp_torch,cform_diffmean_diffsum_form_mean_nplayers_raw_stage_sum,4.444836499999999,0.0201495,0.055362,3.427616,0.0222449999999998,38.065,29.35,4.5339465,3.5451315,2
AWAY_FOULS,9,mlp_torch,cform_diffmean_diffsum_form_mean_nplayers_stage_sum,4.451549,0.0111249999999998,0.062084,3.458174,0.00892,37.995000000000005,29.520000000000003,4.5700455,3.589842,2
AWAY_FOULS,10,lstm_mlp_multioutput_torch,cform_diffmean_diffsum_form_mean_nplayers_stage_sum,4.456729,0.0086240000000001,0.0407775,3.461127,0.0113069999999999,38.165000000000006,29.64,4.559615,3.6095675,2
AWAY_FOULS,11,lstm_mlp_multioutput_torch,cform_diffmean_diffsum_form_mean_nplayers_odds_stage_sum,4.466952,0.0114919999999996,0.052267,3.4740645,0.0172134999999999,38.25,29.75,4.557137,3.598125,2
AWAY_FOULS,12,mlp_multioutput_torch,cform_diffmean_diffsum_form_mean_nplayers_stage_sum,4.4684375,0.0051114999999999,0.053831,3.4731855,0.0050414999999999,38.145,29.645000000000003,4.553657,3.5513445,2
AWAY_FOULS,13,mlp_multioutput_torch,cform_diffmean_diffsum_form_mean_nplayers_odds_stage_sum,4.4706265,0.0061334999999997,0.042216,3.468627,0.0005939999999999,38.16,29.605,4.550174,3.577557,2
AWAY_FOULS,14,lstm_mlp_multioutput_torch,cform_diffmean_diffsum_form_mean_nplayers_odds_raw_stage_sum,4.472056,0.0229180000000002,0.0485925,3.4685895,0.0256325000000001,38.295,29.700000000000003,4.5574865,3.5977965000000003,2
AWAY_FOULS,15,mlp_torch,cform_diffmean_diffsum_form_mean_nplayers_odds_stage_sum,4.476848,0.0026189999999997,0.0649695,3.480836,0.0006949999999998,38.215,29.715,4.566428999999999,3.5758085,2
AWAY_FOULS,16,lstm_mlp_torch,cform_diffmean_diffsum_form_mean_nplayers_odds_raw_stage_sum,4.479326,0.0,0.042232,3.468855,0.0,38.36,29.71,4.527877,3.525151,1
AWAY_FOULS,17,mlp_multioutput_torch,cform_diffmean_diffsum_form_mean_nplayers_raw_stage_sum,4.480387,0.0039899999999999,0.0698975,3.4811735,0.0025355,38.245000000000005,29.715,4.592674000000001,3.63429,2
AWAY_FOULS,18,mlp_torch,cform_diffmean_diffsum_form_mean_nplayers_raw_stage_sum,4.48346,0.0025159999999999,0.04821,3.483847,0.010342,38.27,29.74,4.574074,3.5934155,2
AWAY_FOULS,19,mlp_multioutput_torch,cform_diffmean_diffsum_form_mean_nplayers_odds_raw_stage_sum,4.485581,0.0026960000000002,0.04508,3.4890625,0.0006315000000001,38.290000000000006,29.785,4.6229745,3.6405235,2
AWAY_FOULS,20,mlp_torch,cform_diffmean_diffsum_form_mean_nplayers_odds_raw_stage_sum,4.552045,0.0,0.099936,3.528735,0.0,38.86,30.12,4.515305,3.513473,1
HOME_OFFSIDES,1,xgb,cform_diffmean_diffsum_form_mean_nplayers_stage_sum,1.605168,0.0,0.101086,1.208922,0.0,83.12,62.6,1.622477,1.235254,1
HOME_OFFSIDES,2,xgb,cform_diffmean_diffsum_form_mean_nplayers_raw_stage_sum,1.6069179999999998,0.0004009999999999,0.1063445,1.20889,0.0005349999999999,83.21000000000001,62.6,1.6233185,1.2317955,2
HOME_OFFSIDES,3,xgb,cform_diffmean_diffsum_form_mean_nplayers_odds_stage_sum,1.6093915,0.0021434999999999,0.1088795,1.2159810000000002,0.0023119999999999,83.34,62.97,1.6188215,1.2312189999999998,2
HOME_OFFSIDES,4,xgb,cform_diffmean_diffsum_form_mean_nplayers_odds_raw_stage_sum,1.615405,0.002892,0.1090174999999999,1.2175185,0.0022845,83.65,63.05,1.627007,1.233764,2
HOME_OFFSIDES,5,lstm_mlp_torch,cform_diffmean_diffsum_form_mean_nplayers_stage_sum,1.6162095,0.0129804999999999,0.104754,1.226449,0.0035079999999999,84.93,64.44999999999999,1.6309835,1.2537470000000002,2
HOME_OFFSIDES,6,lstm_mlp_multioutput_torch,cform_diffmean_diffsum_form_mean_nplayers_stage_sum,1.6162785,0.0050715,0.1097335,1.224691,0.0011179999999999,84.935,64.36,1.6225775,1.236459,2
HOME_OFFSIDES,7,lstm_mlp_torch,cform_diffmean_diffsum_form_mean_nplayers_odds_stage_sum,1.618406,0.0,0.107695,1.225776,0.0,85.05,64.41,1.615989,1.247817,1
HOME_OFFSIDES,8,mlp_multioutput_torch,cform_diffmean_diffsum_form_mean_nplayers_stage_sum,1.620532,0.0008409999999999,0.118862,1.228394,0.004088,83.91499999999999,63.61,1.6074735,1.232105,2
HOME_OFFSIDES,9,lstm_mlp_multioutput_torch,cform_diffmean_diffsum_form_mean_nplayers_odds_stage_sum,1.621491,0.0026619999999999,0.0989475,1.2327755,0.0023595,85.21,64.785,1.617425,1.2554755,2
HOME_OFFSIDES,10,mlp_multioutput_torch,cform_diffmean_diffsum_form_mean_nplayers_odds_stage_sum,1.6244445,0.0006745,0.104727,1.22917,0.010846,84.125,63.65,1.637312,1.247727,2
HOME_OFFSIDES,11,lstm_mlp_multioutput_torch,cform_diffmean_diffsum_form_mean_nplayers_odds_raw_stage_sum,1.629221,0.009052,0.112156,1.234904,0.0060089999999999,85.61500000000001,64.895,1.6224310000000002,1.241402,2
HOME_OFFSIDES,12,mlp_torch,cform_diffmean_diffsum_form_mean_nplayers_stage_sum,1.629789,0.014518,0.1116205,1.2397165,0.0160915,84.4,64.195,1.6324135000000002,1.2529395,2
HOME_OFFSIDES,13,mlp_multioutput_torch,cform_diffmean_diffsum_form_mean_nplayers_raw_stage_sum,1.6316915,0.0042084999999999,0.106435,1.229196,0.0052989999999999,84.495,63.655,1.6437225,1.2684989999999998,2
HOME_OFFSIDES,14,lstm_mlp_torch,cform_diffmean_diffsum_form_mean_nplayers_odds_raw_stage_sum,1.632107,0.0,0.112114,1.227813,0.0,85.77,64.52,1.619102,1.251516,1
HOME_OFFSIDES,15,mlp_multioutput_torch,cform_diffmean_diffsum_form_mean_nplayers_odds_raw_stage_sum,1.6357620000000002,0.0084689999999999,0.1092095,1.239278,0.0135939999999999,84.705,64.175,1.6343345,1.2523105,2
HOME_OFFSIDES,16,lstm_mlp_multioutput_torch,cform_diffmean_diffsum_form_mean_nplayers_raw_stage_sum,1.6359095,0.0023194999999999,0.1112305,1.2438090000000002,0.0005819999999999,85.965,65.36,1.6363035,1.2584559999999998,2
HOME_OFFSIDES,17,mlp_torch,cform_diffmean_diffsum_form_mean_nplayers_raw_stage_sum,1.6360495,0.0032925,0.1132535,1.2374524999999998,0.0040025,84.72,64.08,1.6715215,1.285235,2
HOME_OFFSIDES,18,lstm_mlp_torch,cform_diffmean_diffsum_form_mean_nplayers_raw_stage_sum,1.640655,0.004728,0.1071095,1.25365,0.006152,86.215,65.88,1.6408555,1.2541535,2
HOME_OFFSIDES,19,mlp_torch,cform_diffmean_diffsum_form_mean_nplayers_odds_stage_sum,1.646874,0.006301,0.111916,1.255874,0.005788,85.285,65.03,1.6138445,1.217225,2
HOME_OFFSIDES,20,mlp_torch,cform_diffmean_diffsum_form_mean_nplayers_odds_raw_stage_sum,1.664296,0.0,0.102476,1.254386,0.0,86.18,64.96,1.635981,1.256661,1
AWAY_OFFSIDES,1,xgb,cform_diffmean_diffsum_form_mean_nplayers_odds_raw_stage_sum,1.45228,0.000383,0.0360275,1.111379,0.0009499999999998,83.66,64.025,1.482307,1.1377525,2
AWAY_OFFSIDES,2,xgb,cform_diffmean_diffsum_form_mean_nplayers_odds_stage_sum,1.4579650000000002,0.0039259999999999,0.0398995,1.115063,0.002144,83.985,64.235,1.4807295,1.13574,2
AWAY_OFFSIDES,3,xgb,cform_diffmean_diffsum_form_mean_nplayers_stage_sum,1.458994,0.0,0.036491,1.111994,0.0,84.04,64.06,1.485963,1.135907,1
AWAY_OFFSIDES,4,lstm_mlp_multioutput_torch,cform_diffmean_diffsum_form_mean_nplayers_stage_sum,1.463499,0.0034519999999998,0.023368,1.1148925,0.0021444999999999,84.06,64.035,1.4762265,1.1231305,2
AWAY_OFFSIDES,5,xgb,cform_diffmean_diffsum_form_mean_nplayers_raw_stage_sum,1.4637625,0.0058124999999999,0.0403595,1.1180575,0.0061685,84.315,64.405,1.4826985,1.1322135,2
AWAY_OFFSIDES,6,mlp_multioutput_torch,cform_diffmean_diffsum_form_mean_nplayers_odds_stage_sum,1.470227,0.0034769999999999,0.029257,1.1163175,0.0017185,84.69,64.305,1.5104955,1.1509775,2
AWAY_OFFSIDES,7,mlp_multioutput_torch,cform_diffmean_diffsum_form_mean_nplayers_stage_sum,1.472745,0.0013309999999999,0.0329804999999999,1.1195185,0.0028374999999999,84.83500000000001,64.49000000000001,1.481286,1.1316215,2
AWAY_OFFSIDES,8,lstm_mlp_torch,cform_diffmean_diffsum_form_mean_nplayers_stage_sum,1.474034,0.0036599999999999,0.0334319999999999,1.130564,0.0006289999999999,84.66,64.935,1.4995655,1.15112,2
AWAY_OFFSIDES,9,lstm_mlp_torch,cform_diffmean_diffsum_form_mean_nplayers_odds_stage_sum,1.474127,0.0,0.032043,1.12302,0.0,84.67,64.5,1.487611,1.12872,1
AWAY_OFFSIDES,10,mlp_multioutput_torch,cform_diffmean_diffsum_form_mean_nplayers_raw_stage_sum,1.4777005,0.0033575,0.0315585,1.1221235,0.0021575,85.125,64.64,1.499934,1.1452625,2
AWAY_OFFSIDES,11,mlp_torch,cform_diffmean_diffsum_form_mean_nplayers_stage_sum,1.4794985,0.0123864999999999,0.0298235,1.1271095,0.0125895,85.225,64.92500000000001,1.490687,1.135378,2
AWAY_OFFSIDES,12,lstm_mlp_multioutput_torch,cform_diffmean_diffsum_form_mean_nplayers_odds_stage_sum,1.4798795,0.0012455,0.0301105,1.127953,0.005023,85.0,64.785,1.500509,1.1566765,2
AWAY_OFFSIDES,13,lstm_mlp_multioutput_torch,cform_diffmean_diffsum_form_mean_nplayers_raw_stage_sum,1.4830745,0.0013305,0.0314605,1.1335125,0.0043714999999999,85.185,65.10499999999999,1.5032679999999998,1.153884,2
AWAY_OFFSIDES,14,lstm_mlp_multioutput_torch,cform_diffmean_diffsum_form_mean_nplayers_odds_raw_stage_sum,1.4841865,0.0084775,0.032191,1.137345,0.004286,85.245,65.32499999999999,1.4799165,1.1268705,2
AWAY_OFFSIDES,15,mlp_multioutput_torch,cform_diffmean_diffsum_form_mean_nplayers_odds_raw_stage_sum,1.484706,0.00129,0.0296029999999999,1.1332814999999998,0.0017464999999999,85.525,65.28,1.513487,1.1524685,2
AWAY_OFFSIDES,16,mlp_torch,cform_diffmean_diffsum_form_mean_nplayers_odds_raw_stage_sum,1.4914,0.0,0.027384,1.131116,0.0,85.91,65.16,1.533281,1.15798,1
AWAY_OFFSIDES,17,lstm_mlp_torch,cform_diffmean_diffsum_form_mean_nplayers_raw_stage_sum,1.492471,0.0059069999999999,0.032323,1.1313855,0.0053385,85.72,64.98500000000001,1.5159764999999998,1.139823,2
AWAY_OFFSIDES,18,lstm_mlp_torch,cform_diffmean_diffsum_form_mean_nplayers_odds_raw_stage_sum,1.49276,0.0,0.033664,1.141828,0.0,85.74,65.58,1.526557,1.145425,1
AWAY_OFFSIDES,19,mlp_torch,cform_diffmean_diffsum_form_mean_nplayers_raw_stage_sum,1.496132,0.0100199999999999,0.036032,1.139169,0.0115589999999999,86.185,65.625,1.498329,1.1408325,2
AWAY_OFFSIDES,20,mlp_torch,cform_diffmean_diffsum_form_mean_nplayers_odds_stage_sum,1.496924,0.0048389999999999,0.023441,1.139383,0.002005,86.23,65.63499999999999,1.517198,1.1675585,2
HOME_REDCARDS,1,lstm_mlp_torch,cform_diffmean_diffsum_form_mean_nplayers_odds_raw_stage_sum,0.269441,0.0,0.013145,0.118267,0.0,353.7,155.25,0.274275,0.122113,1
HOME_REDCARDS,2,xgb,cform_diffmean_diffsum_form_mean_nplayers_stage_sum,0.270822,0.0,0.015484,0.142035,0.0,349.36,183.22,0.275235,0.145462,1
HOME_REDCARDS,3,xgb,cform_diffmean_diffsum_form_mean_nplayers_raw_stage_sum,0.271092,0.0001209999999999,0.015702,0.143142,0.0001179999999999,349.71000000000004,184.655,0.2749,0.1468545,2
HOME_REDCARDS,4,xgb,cform_diffmean_diffsum_form_mean_nplayers_odds_raw_stage_sum,0.2712765,4.750000000000587e-05,0.0154084999999999,0.143916,0.000625,349.95,185.655,0.2752335,0.146422,2
HOME_REDCARDS,5,xgb,cform_diffmean_diffsum_form_mean_nplayers_odds_stage_sum,0.2712925,9.149999999999436e-05,0.0155994999999999,0.143,0.000636,349.97,184.47,0.2754594999999999,0.1469965,2
HOME_REDCARDS,6,mlp_torch,cform_diffmean_diffsum_form_mean_nplayers_odds_stage_sum,0.2713405,0.0003354999999999,0.01456,0.1234755,0.0015234999999999,350.03,159.285,0.276558,0.146482,2
HOME_REDCARDS,7,lstm_mlp_multioutput_torch,cform_diffmean_diffsum_form_mean_nplayers_stage_sum,0.271605,0.0002659999999999,0.014568,0.1478435,0.0004974999999999,356.54,194.08,0.275655,0.149105,2
HOME_REDCARDS,8,lstm_mlp_torch,cform_diffmean_diffsum_form_mean_nplayers_odds_stage_sum,0.271727,0.0,0.014429,0.130053,0.0,356.7,170.72,0.272887,0.116412,1
HOME_REDCARDS,9,lstm_mlp_multioutput_torch,cform_diffmean_diffsum_form_mean_nplayers_odds_stage_sum,0.2719,0.000175,0.015446,0.1493895,0.0005914999999999,356.93,196.105,0.276529,0.144448,2
HOME_REDCARDS,10,lstm_mlp_torch,cform_diffmean_diffsum_form_mean_nplayers_stage_sum,0.2729835,0.0004065,0.0160105,0.134127,0.004414,358.355,176.075,0.275908,0.1523665,2
HOME_REDCARDS,11,lstm_mlp_torch,cform_diffmean_diffsum_form_mean_nplayers_raw_stage_sum,0.2732375,0.0003375,0.0154625,0.122597,0.004623,358.685,160.94,0.27658,0.1479794999999999,2
HOME_REDCARDS,12,mlp_torch,cform_diffmean_diffsum_form_mean_nplayers_odds_raw_stage_sum,0.273534,0.0,0.015082,0.118362,0.0,352.86,152.69,0.273982,0.124116,1
HOME_REDCARDS,13,mlp_multioutput_torch,cform_diffmean_diffsum_form_mean_nplayers_stage_sum,0.2736585,0.0016075,0.0143959999999999,0.149399,0.0160329999999999,353.02,192.725,0.277791,0.1471825,2
HOME_REDCARDS,14,lstm_mlp_multioutput_torch,cform_diffmean_diffsum_form_mean_nplayers_odds_raw_stage_sum,0.2739485,0.0019295,0.014235,0.1472335,0.0016044999999999,359.62,193.275,0.2775525,0.140397,2
HOME_REDCARDS,15,mlp_torch,cform_diffmean_diffsum_form_mean_nplayers_stage_sum,0.274115,6.699999999998374e-05,0.015576,0.1290965,0.0031945,353.605,166.535,0.2798855,0.1340685,2
HOME_REDCARDS,16,lstm_mlp_multioutput_torch,cform_diffmean_diffsum_form_mean_nplayers_raw_stage_sum,0.2741945,0.0003414999999999,0.014204,0.145249,0.0084409999999999,359.94,190.67,0.2826575,0.149127,2
HOME_REDCARDS,17,mlp_multioutput_torch,cform_diffmean_diffsum_form_mean_nplayers_raw_stage_sum,0.274701,0.0015099999999999,0.0144355,0.1365684999999999,0.0097415,354.365,176.175,0.275275,0.144091,2
HOME_REDCARDS,18,mlp_torch,cform_diffmean_diffsum_form_mean_nplayers_raw_stage_sum,0.274949,0.0004989999999999,0.0146205,0.1438775,0.0052485,354.685,185.6,0.2770915,0.1437045,2
HOME_REDCARDS,19,mlp_multioutput_torch,cform_diffmean_diffsum_form_mean_nplayers_odds_stage_sum,0.282817,0.0078419999999999,0.0137405,0.1864345,0.0270865,364.835,240.5,0.2834795,0.177935,2
HOME_REDCARDS,20,mlp_multioutput_torch,cform_diffmean_diffsum_form_mean_nplayers_odds_raw_stage_sum,0.2994065,0.0262115,0.0226299999999999,0.2139875,0.0590835,386.235,276.045,0.285286,0.177958,2
AWAY_REDCARDS,1,xgb,cform_diffmean_diffsum_form_mean_nplayers_raw_stage_sum,0.3207375,9.499999999995625e-06,0.025445,0.177317,0.0045459999999999,314.81,174.04000000000002,0.3151315,0.1611075,2
AWAY_REDCARDS,2,xgb,cform_diffmean_diffsum_form_mean_nplayers_odds_raw_stage_sum,0.320968,0.000156,0.0254065,0.180338,0.001316,315.035,177.005,0.3154345,0.1617819999999999,2
AWAY_REDCARDS,3,lstm_mlp_torch,cform_diffmean_diffsum_form_mean_nplayers_odds_stage_sum,0.321117,0.0,0.025234,0.180812,0.0,303.07,170.65,0.319515,0.135518,1
AWAY_REDCARDS,4,xgb,cform_diffmean_diffsum_form_mean_nplayers_stage_sum,0.32157,0.0,0.025614,0.166496,0.0,315.63,163.42,0.315689,0.149793,1
AWAY_REDCARDS,5,lstm_mlp_torch,cform_diffmean_diffsum_form_mean_nplayers_odds_raw_stage_sum,0.321668,0.0,0.025783,0.171434,0.0,303.59,161.8,0.318041,0.153646,1
AWAY_REDCARDS,6,lstm_mlp_torch,cform_diffmean_diffsum_form_mean_nplayers_stage_sum,0.321742,0.000401,0.026453,0.1680865,0.0104124999999999,303.66,158.64,0.317694,0.151702,2
AWAY_REDCARDS,7,lstm_mlp_torch,cform_diffmean_diffsum_form_mean_nplayers_raw_stage_sum,0.3219375,0.0001645,0.025914,0.172288,0.004389,303.845,162.60500000000002,0.3206695,0.166871,2
AWAY_REDCARDS,8,lstm_mlp_multioutput_torch,cform_diffmean_diffsum_form_mean_nplayers_odds_stage_sum,0.3219985,0.0001234999999999,0.025016,0.1899144999999999,0.0012974999999999,303.9,179.24,0.3189165,0.173995,2
AWAY_REDCARDS,9,mlp_torch,cform_diffmean_diffsum_form_mean_nplayers_stage_sum,0.322299,0.000487,0.0254415,0.1691275,0.0008864999999999,316.345,166.0,0.318388,0.1492175,2
AWAY_REDCARDS,10,lstm_mlp_multioutput_torch,cform_diffmean_diffsum_form_mean_nplayers_stage_sum,0.3223505,0.0005064999999999,0.0251349999999999,0.1888,0.0024099999999999,304.23,178.185,0.3200975,0.178582,2
AWAY_REDCARDS,11,xgb,cform_diffmean_diffsum_form_mean_nplayers_odds_stage_sum,0.322478,0.001647,0.025833,0.1810225,0.0008714999999999,316.52,177.675,0.315452,0.170401,2
AWAY_REDCARDS,12,mlp_torch,cform_diffmean_diffsum_form_mean_nplayers_raw_stage_sum,0.323152,0.0001599999999999,0.025964,0.1797655,0.0071874999999999,317.17999999999995,176.445,0.32106,0.1589715,2
AWAY_REDCARDS,13,mlp_torch,cform_diffmean_diffsum_form_mean_nplayers_odds_stage_sum,0.3238419999999999,0.000735,0.025168,0.1679465,0.0096825,317.86,164.845,0.3192665,0.141546,2
AWAY_REDCARDS,14,mlp_multioutput_torch,cform_diffmean_diffsum_form_mean_nplayers_raw_stage_sum,0.3240195,0.0007534999999999,0.0255309999999999,0.1814805,0.0049125,318.03,178.13,0.3222215,0.1943845,2
AWAY_REDCARDS,15,lstm_mlp_multioutput_torch,cform_diffmean_diffsum_form_mean_nplayers_odds_raw_stage_sum,0.3241655,0.0014494999999999,0.024672,0.1871505,0.0002594999999999,305.945,176.635,0.3195795,0.1696059999999999,2
AWAY_REDCARDS,16,mlp_multioutput_torch,cform_diffmean_diffsum_form_mean_nplayers_stage_sum,0.3246124999999999,0.0005975,0.023103,0.189584,0.017513,318.615,186.08,0.317622,0.172835,2
AWAY_REDCARDS,17,mlp_torch,cform_diffmean_diffsum_form_mean_nplayers_odds_raw_stage_sum,0.324939,0.0,0.024488,0.166116,0.0,318.94,163.05,0.320073,0.165179,1
AWAY_REDCARDS,18,lstm_mlp_multioutput_torch,cform_diffmean_diffsum_form_mean_nplayers_raw_stage_sum,0.325852,9.200000000000874e-05,0.0255579999999999,0.180581,0.00328,307.535,170.43,0.3226835,0.1789985,2
AWAY_REDCARDS,19,mlp_multioutput_torch,cform_diffmean_diffsum_form_mean_nplayers_odds_stage_sum,0.3295115,0.0048354999999999,0.0250579999999999,0.2123574999999999,0.0203695,323.425,208.435,0.3243735,0.1936514999999999,2
AWAY_REDCARDS,20,mlp_multioutput_torch,cform_diffmean_diffsum_form_mean_nplayers_odds_raw_stage_sum,0.342495,0.017224,0.027936,0.2418915,0.0468335,336.165,237.42,0.3331125,0.2190939999999999,2
